,i,Seq,ground_state,cost
0,1,769876891161,0.11438561438561423,-1.129159616469261
