,i,Seq,ground_state,cost
0,3,22213231222132312221323122213231222132312212111221113531,0.14870259481037928,-1.1746776084407973
