,i,Seq,ground_state,cost
0,3,22213231222132312221323122213231222132312211122112111211,0.12874251497005984,-1.147766323024055
