,i,Seq,ground_state,cost
0,12,22213231222132312221323122213231222132312211121111111111312112111411111114311131111111113111111111112111311111112131111111111131111111311121111111121421112111131111141111211421111111,0.48301698301698304,-1.9342995169082127
