,i,Seq,ground_state,cost
0,3,7698769876987698769875322211,1.805389221556886,-1.241635687732342
