,i,Seq,ground_state,cost
0,10,2221323122213231222132312221323122213231222132312221323122213231213121312131213121312131213121312131213121312131213121312131213121312131213111121111222111,0.1946107784431138,-1.241635687732342
1,11,222132312221323122213231222132312221323122213231222132312221323121312131213121312131213121312131213121312131213121312131213121312131213121311112111122211111323111112521,0.2784431137724551,-1.3858921161825726
